Art,Comics,Crafts,Dance,Design,Fashion,Film&Video,Food,Games,Journalism,Music,Photography,Publishing,Technology,Theater
Art,Comics,Crafts,Dance,Design,Fashion,Film&Video,Food,Games,Journalism,Music,Photography,Publishing,Technology,Theater
Ceramics,Anthologies,Candles,Performances,Architecture,Accessories,Action,Bacon,Gaming Hardware,Audio,Blues,Animals,Academic,3D Printing,Comedy
Conceptual Art,Comic Books,Crochet,Residencies,Civic Design,Apparel,Animation,Community Gardens,Live Games,Photo,Chiptune,Fine Art,Anthologies,Apps,Experimental
Digital Art,Events,DIY,Spaces,Graphic Design,Childrenswear,Comedy,Cookbooks,Mobile Games,Print,Classical Music,Nature,Art Books,Camera Equipment,Festivals
Illustration,Graphic Novels,Embroidery,Workshops,Interactive Design,Couture,Documentary,Drinks,Playing Cards,Video,Comedy,People,Calendars,DIY Electronics,Immersive
Installations,Webcomics,Glass,1,Product Design,Footwear,Drama,Events,Puzzles,Web,Country & Folk,Photobooks,Children's Books,Fabrication Tools,Musical
Mixed Media,1,Knitting,1,Typography,Jewelry,Experimental,Farmer's Markets,Tabletop Games,1,Electronic Music,Places,Comedy,Flight,Plays
Painting,1,Pottery,1,1,Pet Fashion,Family,Farms,Video Games,1,Faith,1,Fiction,Gadgets,Spaces
Performance Art,1,Printing,1,1,Ready to wear,Fantasy,Food Trucks,1,1,Hip-Hop,1,Letterpress,Hardware,1
Public Art,1,Quilts,1,1,1,Festivals,Restaurants,1,1,Indie Rock,1,Literary Journals,Makerspaces,1
Sculpture,1,Stationery,1,1,1,Horror,Small Batch,1,1,Jazz,1,Nonfiction,Robots,1
Textiles,1,Taxidermy,1,1,1,Movie Theaters,Spaces,1,1,Kids,1,Periodicals,Software,1
Video Art,1,Weaving,1,1,1,Music Videos,Vegan,1,1,Latin,1,Poetry,Sound,1
1,1,Woodworking,1,1,1,Narrative Film,1,1,1,Metal,1,Radio & Podcasts,Space Exploration,1
1,1,1,1,1,1,Romance,1,1,1,Pop,1,Translations,Wearables,1
1,1,1,1,1,1,Science Fiction,1,1,1,Punk,1,Young Adult,Web,1
1,1,1,1,1,1,Shorts,1,1,1,R&B,1,Zines,1,1
1,1,1,1,1,1,Television,1,1,1,Rock,1,Literary Spaces,1,1
1,1,1,1,1,1,Thrillers,1,1,1,World Music,1,1,1,1
1,1,1,1,1,1,Webseries,1,1,1,1,1,1,1,1
